networks,Grad2 25% Upper,Grad2 25% Lower
Visual,1.7453455198760242,2.0104518032297016
Somatomotor,1.4736365239132427,1.8231405470103754
Dorsal Attention,1.4071792684079851,1.6864135383725072
Ventral Attention,1.4133039809410453,1.6593343132511928
Default,1.884998291450588,1.8914393998130237
Frontoparietal,1.4276584772802585,1.6749919492515462
Limbic,1.7029549872412437,2.1332343484514995
