networks,Grad4 25% Upper,Grad4 25% Lower
Visual,1.8636079917489838,1.9206786381279357
Somatomotor,1.7601195967646017,1.566817553086399
Dorsal Attention,1.623653502039704,1.4903711446418502
Ventral Attention,1.6122756916895806,1.4521190612437203
Default,1.9541819115733803,1.8102158337917644
Frontoparietal,1.8081491381580863,1.4537489911487544
Limbic,2.1532310566171495,1.8956568314201463
