networks,Grad3 25% Upper,Grad3 25% Lower
Visual,2.3551364163129906,2.2851680900023927
Somatomotor,1.4188848177898423,1.1970804760905769
Dorsal Attention,1.654014621585503,1.322012109162222
Ventral Attention,1.1457922401424583,1.231326859082289
Default,1.584096563519555,1.823194749172699
Frontoparietal,1.320597795524634,1.205645671858282
Limbic,3.1008919882397605,3.77945260869447
