networks,Grad1 10% Upper,Grad1 10% Lower
Visual,2.7407939354518414,1.3953128315385994
Somatomotor,1.6090635981890355,1.4192734118855725
Dorsal Attention,1.9317158257705982,1.148765690134881
Ventral Attention,1.198586540781463,1.525024046043245
Default,1.672158215728956,1.9553797254690146
Frontoparietal,1.3164900510966067,1.5031131401893094
Limbic,1.8073100071213555,1.8203638132666782
