networks,Grad1 25% Upper,Grad1 25% Lower
Visual,2.733812901908469,1.4668089931568853
Somatomotor,1.7948615921169428,1.465185603945712
Dorsal Attention,2.019108722152339,1.2017843251912925
Ventral Attention,1.38322323717577,1.5526041501416659
Default,1.7879975930513157,1.9858801878715728
Frontoparietal,1.4440555954146193,1.5592836052778203
Limbic,1.9171768443476656,1.8862399289489271
