networks,Grad4 10% Upper,Grad4 10% Lower
Visual,1.8990989459635674,1.6502255640608912
Somatomotor,1.4342047803207927,1.1351894423955617
Dorsal Attention,1.3728749548490622,1.054899883486237
Ventral Attention,1.3263731347508798,1.240626139751651
Default,1.9586771928908697,1.7609601935931356
Frontoparietal,1.7444094968921418,1.1602696410596491
Limbic,3.7374589544549477,3.88973201794137
