networks,Grad4 10% Upper,Grad4 10% Lower
Visual,1.7394976467887509,1.5247114243353224
Somatomotor,1.7057355344778016,1.4871411515361057
Dorsal Attention,1.5776274764421203,1.2616660768726091
Ventral Attention,1.5765998060577615,1.5002099535925153
Default,1.9502081029444485,1.807201026238811
Frontoparietal,1.9734296448851656,1.4659925486963508
Limbic,2.305616194029127,1.8455574810695172
