networks,Grad2 25% Upper,Grad2 25% Lower
Visual,1.8708383095168615,2.232953091563324
Somatomotor,1.1798233453891331,1.433680621318359
Dorsal Attention,1.2511121863538448,1.4847275954166483
Ventral Attention,1.2046738886385897,1.4236445944341882
Default,1.9007131198037264,1.7771295041756783
Frontoparietal,1.2440999445907839,1.3671659374689393
Limbic,3.0987417916917366,4.0632622653297235
