networks,Grad3 10% Upper,Grad3 10% Lower
Visual,2.860394669473443,3.036222000331762
Somatomotor,1.6081843049100895,1.4192229025418808
Dorsal Attention,2.085274694297581,1.7679124904191952
Ventral Attention,1.0728251485868778,1.1881048963497343
Default,1.4433550617364994,1.594119206170527
Frontoparietal,1.2973762109408733,1.2361251958927775
Limbic,2.4201366879927595,4.055620830527157
