networks,Grad4 25% Upper,Grad4 25% Lower
Visual,2.060078157940778,2.1401113229179316
Somatomotor,1.4605255106782045,1.186710214892303
Dorsal Attention,1.4354846832067698,1.3066289850471673
Ventral Attention,1.3960668416967366,1.1815185111273345
Default,1.925460893082527,1.6969034265969367
Frontoparietal,1.5615379965267402,1.1943203115063101
Limbic,3.7398864372069287,3.8206766898537596
