networks,clust1,clust2,clust3,clust4,clust5
Visual,2.6959921643495415,1.1421292175366007,2.5488378424747173,1.899198643881213,1.948756289332142
Somatomotor,1.797508941351457,1.209553407096668,1.8070729408601893,1.748235599667603,1.8625233572608761
Dorsal Attention,1.9492585781935605,0.8938555555754766,2.079956867067599,1.5853362072142942,1.6884741199589501
Ventral Attention,1.4271935552824584,1.468295171662546,1.318480715613669,1.6642921674720237,1.6742559852354946
Default,1.836836532991117,2.0749157391528743,1.5951663322063694,1.9727928307125613,1.9932837684579645
Frontoparietal,1.4728676770200857,1.488161178412715,1.3308264438940869,1.8423820197767062,1.6903119386827203
Limbic,2.0002988730169586,1.7019142578963857,1.6888505285408506,2.199918584607738,2.1380936690735757
