networks,Grad2 10% Upper,Grad2 10% Lower
Visual,1.0176258002467853,2.3865056422556723
Somatomotor,0.7851441986519274,1.5705566617047217
Dorsal Attention,0.5529910891015514,1.6461477149439483
Ventral Attention,1.231306465267914,1.574863962683929
Default,2.1478427993563294,1.8346143274037208
Frontoparietal,1.0802655796733724,1.41130322548128
Limbic,3.3407756032030025,4.189868544243791
