networks,Grad2 10% Upper,Grad2 10% Lower
Visual,1.0447413232224458,2.1182934840076038
Somatomotor,1.0983674777986263,1.9804354083038938
Dorsal Attention,0.7915291345523081,1.8405696826614637
Ventral Attention,1.3920259475797645,1.786703193136592
Default,1.9978479352457363,1.9744610589270803
Frontoparietal,1.3702159537869205,1.7223557465422177
Limbic,1.5768914383217503,2.2220964556289555
