networks,Grad3 10% Upper,Grad3 10% Lower
Visual,2.5463303501782395,2.6177115533797584
Somatomotor,1.8406169845552878,1.8214537331975804
Dorsal Attention,2.112619369994661,1.9143112802836366
Ventral Attention,1.3332284788039293,1.4717881800561041
Default,1.5821385232730831,1.8678769885710542
Frontoparietal,1.3197631344546616,1.4797962549079902
Limbic,1.6737629855423173,2.0118758048834513
