networks,Grad3 25% Upper,Grad3 25% Lower
Visual,2.1073785252332304,2.027886429811123
Somatomotor,1.6983371189289884,1.5701785372983867
Dorsal Attention,1.7610582810303312,1.4995668925973062
Ventral Attention,1.403064722359339,1.4616703094195522
Default,1.6846649205770579,1.9324954551870277
Frontoparietal,1.4622373889364624,1.4760137290563156
Limbic,1.837774271382122,1.8780136847330924
