networks,Grad2 10% Upper,Grad2 10% Lower
Visual,1.1179054603475822,1.1417522330487988
Somatomotor,1.1314084470167072,1.209937248516068
Dorsal Attention,1.1065859140117809,1.1825385555741237
Ventral Attention,1.15705917746167,1.2853360982381827
Default,1.1553106143611094,1.1058703066950162
Frontoparietal,1.1523008033300963,1.153942225203257
Limbic,1.268791081775847,1.2335350544292687
