networks,Grad2 25% Upper,Grad2 25% Lower
Visual,1.125578797566333,1.115024969827713
Somatomotor,1.1418614915512355,1.1740711500692227
Dorsal Attention,1.11013555741632,1.0914042700999451
Ventral Attention,1.1603764654147384,1.1422721684825778
Default,1.1674999882553945,1.1731892911653887
Frontoparietal,1.1597140678171547,1.110218289635224
Limbic,1.2771817885801506,1.2543698772955012
