k5clust1corr,k5clust1pval,k5clust2corr,k5clust2pval,k5clust3corr,k5clust3pval,k5clust4corr,k5clust4pval,k5clust5corr,k5clust5pval
-0.12668876349925995,0.3069306930693069,0.08995066583156586,0.48514851485148514,-0.16902846097946167,0.22772277227722773,-0.01113992277532816,0.8910891089108911,0.016409818083047867,0.8118811881188119
-0.03599347919225693,0.7524752475247525,0.12243324518203735,0.19801980198019803,-0.1423140913248062,0.25742574257425743,0.04010524973273277,0.5643564356435643,0.0764932706952095,0.297029702970297
-0.02254091016948223,0.8613861386138614,0.1254062056541443,0.1485148514851485,-0.08770565688610077,0.49504950495049505,0.044582564383745193,0.594059405940594,0.07945083826780319,0.21782178217821782
-0.08965012431144714,0.37623762376237624,-0.024424219503998756,0.8712871287128713,-0.10508552193641663,0.32673267326732675,-0.06868120282888412,0.42574257425742573,-0.049785420298576355,0.5247524752475248
-0.15894900262355804,0.04950495049504951,-0.038309745490550995,0.6336633663366337,-0.11265847086906433,0.16831683168316833,-0.07323396950960159,0.27722772277227725,-0.08256936073303223,0.16831683168316833
