,Grad1,Grad2
Aghourian_FEOBV,-0.4523147642612457,0.2527073323726654
Bedard_FEOBV,-0.3120719790458679,-0.010797867551445961
Tuominen_FEOBV,-0.36785435676574707,0.07967258989810944
M1,0.048723675310611725,0.010517682880163193
nAchRs,-0.18649430572986603,0.13071851432323456
