,k5clust1corr,k5clust1pval,k5clust2corr,k5clust2pval,k5clust3corr,k5clust3pval,k5clust4corr,k5clust4pval,k5clust5corr,k5clust5pval
Aghourian_FEOBV,-0.12668876349925995,0.3069306930693069,0.08995066583156586,0.48514851485148514,-0.16902846097946167,0.22772277227722773,-0.01113992277532816,0.8910891089108911,0.016409818083047867,0.8118811881188119
Bedard_FEOBV,-0.03599347919225693,0.7524752475247525,0.12243324518203735,0.19801980198019803,-0.1423140913248062,0.25742574257425743,0.04010524973273277,0.5643564356435643,0.0764932706952095,0.297029702970297
Tuominen_FEOBV,-0.02254091016948223,0.8613861386138614,0.1254062056541443,0.1485148514851485,-0.08770565688610077,0.49504950495049505,0.044582564383745193,0.594059405940594,0.07945083826780319,0.21782178217821782
M1,-0.07068834453821182,0.504950495049505,-0.04406070336699486,0.5643564356435643,-0.057073500007390976,0.6732673267326733,-0.029874645173549652,0.7326732673267327,-0.06493153423070908,0.38613861386138615
nAchRs,-0.1674290895462036,0.04950495049504951,-0.12425991892814636,0.04950495049504951,-0.11637023091316223,0.15841584158415842,-0.09070988744497299,0.16831683168316833,-0.07382317632436752,0.297029702970297
