,Grad1 upper 25% corr,Grad1 upper 25% pval,Grad1 lower 25% corr,Grad1 lower 25% pval,Grad2 upper 25% corr,Grad2 upper 25% pval,Grad2 lower 25% corr,Grad2 lower 25% pval
Aghourian_FEOBV,0.06427004933357239,0.594059405940594,0.07027513533830643,0.5445544554455446,0.06427004933357239,0.594059405940594,0.07027513533830643,0.5445544554455446
Bedard_FEOBV,-0.08994185924530029,0.33663366336633666,0.06519941985607147,0.5247524752475248,-0.08994185924530029,0.33663366336633666,0.06519941985607147,0.5247524752475248
Tuominen_FEOBV,-0.12051035463809967,0.22772277227722773,-0.014090601354837418,0.900990099009901,-0.12051035463809967,0.22772277227722773,-0.014090601354837418,0.900990099009901
M1,-0.013719595037400723,0.9306930693069307,-0.06836210191249847,0.36633663366336633,-0.013719595037400723,0.9306930693069307,-0.06836210191249847,0.36633663366336633
nAchRs,-0.1160028949379921,0.49504950495049505,-0.1294439285993576,0.26732673267326734,-0.1160028949379921,0.49504950495049505,-0.1294439285993576,0.26732673267326734
