,Grad1 upper 25%,Grad1 lower 25%,Grad2 upper 25%,Grad2 lower 25%
Aghourian_FEOBV,0.06427004933357239,0.07027513533830643,0.06427004933357239,0.07027513533830643
Bedard_FEOBV,-0.08994185924530029,0.06519941985607147,-0.08994185924530029,0.06519941985607147
Tuominen_FEOBV,-0.12051035463809967,-0.014090601354837418,-0.12051035463809967,-0.014090601354837418
M1,-0.04436378553509712,-0.07876849919557571,-0.04436378553509712,-0.07876849919557571
nAchRs,-0.1595805287361145,-0.09969587624073029,-0.1595805287361145,-0.09969587624073029
