,k5clust1corr,k5clust1pval,k5clust2corr,k5clust2pval,k5clust3corr,k5clust3pval,k5clust4corr,k5clust4pval,k5clust5corr,k5clust5pval
Aghourian_FEOBV,-0.12553666532039642,0.32673267326732675,0.006543535739183426,0.9504950495049505,-0.14962764084339142,0.297029702970297,0.03713430464267731,0.7128712871287128,-0.01762266829609871,0.8811881188118812
Bedard_FEOBV,-0.046834900975227356,0.6633663366336634,0.08675169199705124,0.38613861386138615,-0.14617592096328735,0.26732673267326734,0.09340807795524597,0.32673267326732675,-0.0012295265914872289,0.9900990099009901
Tuominen_FEOBV,-0.0531974658370018,0.6534653465346535,0.0699215829372406,0.43564356435643564,-0.11622699350118637,0.297029702970297,0.08852624893188477,0.3069306930693069,0.0018234868766739964,0.9405940594059405
M1,-0.07068834453821182,0.504950495049505,-0.04406070336699486,0.5643564356435643,-0.057073500007390976,0.6732673267326733,-0.029874645173549652,0.7326732673267327,-0.06493153423070908,0.38613861386138615
nAchRs,-0.1674290895462036,0.04950495049504951,-0.12425991892814636,0.04950495049504951,-0.11637023091316223,0.15841584158415842,-0.09070988744497299,0.16831683168316833,-0.07382317632436752,0.297029702970297
