Grad1corr,Grad1pval,Grad2corr,Grad2pval
-0.2679004967212677,0.0594059405940594,0.06688404828310013,0.6732673267326733
-0.24844427406787872,0.019801980198019802,-0.019142765551805496,0.8712871287128713
-0.2169993668794632,0.0891089108910891,0.015873409807682037,0.9108910891089109
-0.06025988236069679,0.7326732673267327,0.03922096639871597,0.7425742574257426
-0.10804634541273117,0.22772277227722773,0.06554604321718216,0.5346534653465347
