,Grad1corr,Grad1pval,Grad2corr,Grad2pval
Aghourian_FEOBV,-0.2679004967212677,0.0594059405940594,0.06688404828310013,0.6732673267326733
Bedard_FEOBV,-0.24844427406787872,0.019801980198019802,-0.019142765551805496,0.8712871287128713
Tuominen_FEOBV,-0.2169993668794632,0.0891089108910891,0.015873409807682037,0.9108910891089109
M1,-0.0300846416503191,0.8316831683168316,0.08228060603141785,0.5643564356435643
nAchRs,-0.05023171380162239,0.49504950495049505,0.15221725404262543,0.07920792079207921
