,k5clust1,k5clust2,k5clust3,k5clust4,k5clust5
Aghourian_FEOBV,-0.3739091455936432,-0.1807621866464615,-0.1814526617527008,0.0037401209119707346,-0.3723281919956207
Bedard_FEOBV,-0.17211857438087463,-0.05727079138159752,-0.092032290995121,0.012688289396464825,-0.29216063022613525
Tuominen_FEOBV,-0.15600943565368652,-0.0011216385755687952,-0.020454522222280502,0.1072169691324234,-0.22695301473140717
M1,-0.04533027112483978,-0.05531832203269005,-0.08579133450984955,-0.07715010643005371,-0.050577275454998016
nAchRs,-0.36747339367866516,-0.2724809944629669,-0.23946934938430786,-0.19562013447284698,-0.31678906083106995
