,Grad1 upper 25% corr,Grad1 upper 25% pval,Grad1 lower 25% corr,Grad1 lower 25% pval,Grad2 upper 25% corr,Grad2 upper 25% pval,Grad2 lower 25% corr,Grad2 lower 25% pval
Aghourian_FEOBV,-0.05357830971479416,0.7227722772277227,0.08746645599603653,0.6534653465346535,-0.05357830971479416,0.7227722772277227,0.08746645599603653,0.6534653465346535
Bedard_FEOBV,-0.09514650702476501,0.6138613861386139,0.03142113611102104,0.8811881188118812,-0.09514650702476501,0.6138613861386139,0.03142113611102104,0.8811881188118812
Tuominen_FEOBV,-0.1788349151611328,0.36633663366336633,-0.07039253413677216,0.7722772277227723,-0.1788349151611328,0.36633663366336633,-0.07039253413677216,0.7722772277227723
M1,0.0014125930611044168,1.0,-0.06013970077037811,0.7722772277227723,0.0014125930611044168,1.0,-0.06013970077037811,0.7722772277227723
nAchRs,-0.08401951938867569,0.7227722772277227,-0.1651291698217392,0.40594059405940597,-0.08401951938867569,0.7227722772277227,-0.1651291698217392,0.40594059405940597
