,k3clust1corr,k3clust1pval,k3clust2corr,k3clust2pval,k3clust3corr,k3clust3pval
Aghourian_FEOBV,0.03172945976257324,0.8811881188118812,0.3208562731742859,0.039603960396039604,-0.03835807368159294,0.8316831683168316
Bedard_FEOBV,0.20244918763637543,0.25742574257425743,0.38333210349082947,0.009900990099009901,0.033890217542648315,0.8118811881188119
Tuominen_FEOBV,0.15979300439357758,0.42574257425742573,0.37012624740600586,0.009900990099009901,0.05640687048435211,0.7326732673267327
M1,-0.12111496925354004,0.5445544554455446,-0.05055428296327591,0.7425742574257426,-0.1296001374721527,0.3465346534653465
nAchRs,-0.19353701174259186,0.0891089108910891,-0.036102090030908585,0.6831683168316832,-0.22699062526226044,0.06930693069306931
