,k3clust1,k3clust2,k3clust3
Aghourian_FEOBV,0.02537442371249199,0.2883751094341278,-0.03612323850393295
Bedard_FEOBV,0.10701271891593933,0.2776457965373993,-0.013004493899643421
Tuominen_FEOBV,0.05576154217123985,0.24450133740901947,0.008741195313632488
M1,0.11885084211826324,0.07663895189762115,0.02641214057803154
nAchRs,-0.0853000059723854,0.008065767586231232,-0.1410425901412964
