,Grad1,Grad2
Aghourian_FEOBV,0.2135412096977234,0.18769973516464233
Bedard_FEOBV,0.16757068037986755,0.015872212126851082
Tuominen_FEOBV,0.12648166716098785,0.19640108942985535
M1,0.05897017568349838,-0.14601638913154602
nAchRs,0.0938623920083046,-0.06683920323848724
