,k3clust1corr,k3clust1pval,k3clust2corr,k3clust2pval,k3clust3corr,k3clust3pval
Aghourian_FEOBV,-0.04305684566497803,0.8316831683168316,0.2836005389690399,0.019801980198019802,-0.09194434434175491,0.5346534653465347
Bedard_FEOBV,0.15630213916301727,0.39603960396039606,0.3484291136264801,0.009900990099009901,0.006461507640779018,1.0
Tuominen_FEOBV,0.18607211112976074,0.32673267326732675,0.3516906499862671,0.009900990099009901,0.0849938616156578,0.5643564356435643
M1,-0.16993743181228638,0.39603960396039606,-0.08470518887042999,0.46534653465346537,-0.15757296979427338,0.26732673267326734
nAchRs,-0.1414031982421875,0.16831683168316833,-0.032607559114694595,0.7227722772277227,-0.16343417763710022,0.0891089108910891
