,Grad1 upper 25% corr,Grad1 upper 25% pval,Grad1 lower 25% corr,Grad1 lower 25% pval,Grad2 upper 25% corr,Grad2 upper 25% pval,Grad2 lower 25% corr,Grad2 lower 25% pval
Aghourian_FEOBV,0.31849443912506104,0.009900990099009901,-0.08661925792694092,0.5445544554455446,0.28277140855789185,0.04950495049504951,0.14679771661758423,0.40594059405940597
Bedard_FEOBV,0.25032734870910645,0.039603960396039604,-0.06452331691980362,0.6633663366336634,0.19016973674297333,0.24752475247524752,0.14758914709091187,0.49504950495049505
Tuominen_FEOBV,0.27678120136260986,0.07920792079207921,-0.13170698285102844,0.49504950495049505,0.14957204461097717,0.25742574257425743,0.08159977197647095,0.5742574257425742
M1,-0.055928733199834824,0.6237623762376238,-0.0008717335294932127,1.0,-0.0625334084033966,0.6039603960396039,-0.06731180101633072,0.6237623762376238
nAchRs,0.004694124683737755,0.9801980198019802,-0.06893978267908096,0.6039603960396039,-0.14626282453536987,0.33663366336633666,-0.04699736833572388,0.7920792079207921
