,Grad1corr,Grad1pval,Grad2corr,Grad2pval
Aghourian_FEOBV,0.2135412096977234,0.039603960396039604,0.18769973516464233,0.10891089108910891
Bedard_FEOBV,0.16757068037986755,0.06930693069306931,0.015872212126851082,0.8613861386138614
Tuominen_FEOBV,0.12648166716098785,0.21782178217821782,0.19640108942985535,0.1188118811881188
M1,0.05897017568349838,0.5445544554455446,-0.14601638913154602,0.2079207920792079
nAchRs,0.0938623920083046,0.25742574257425743,-0.06683920323848724,0.504950495049505
