,Grad1 upper 25%,Grad1 lower 25%,Grad2 upper 25%,Grad2 lower 25%
Aghourian_FEOBV,0.31849443912506104,-0.08661925792694092,0.28277140855789185,0.14679771661758423
Bedard_FEOBV,0.25032734870910645,-0.06452331691980362,0.19016973674297333,0.14758914709091187
Tuominen_FEOBV,0.27678120136260986,-0.13170698285102844,0.14957204461097717,0.08159977197647095
M1,-0.055928733199834824,-0.0008717335294932127,-0.0625334084033966,-0.06731180101633072
nAchRs,0.004694124683737755,-0.06893978267908096,-0.14626282453536987,-0.04699736833572388
