,Grad1 upper 25% corr,Grad1 upper 25% pval,Grad1 lower 25% corr,Grad1 lower 25% pval,Grad2 upper 25% corr,Grad2 upper 25% pval,Grad2 lower 25% corr,Grad2 lower 25% pval
Aghourian_FEOBV,0.2990740239620209,0.039603960396039604,-0.02795497141778469,0.7920792079207921,0.2853373885154724,0.1188118811881188,0.32598209381103516,0.009900990099009901
Bedard_FEOBV,0.3494511544704437,0.009900990099009901,-0.13667920231819153,0.39603960396039606,0.20397688448429108,0.3069306930693069,0.17068162560462952,0.26732673267326734
Tuominen_FEOBV,0.2682691812515259,0.1782178217821782,-0.1190953254699707,0.5445544554455446,0.1590815931558609,0.5346534653465347,0.10966935008764267,0.5346534653465347
M1,0.0550234317779541,0.6435643564356436,-0.04476909711956978,0.6237623762376238,0.012199100106954575,0.8811881188118812,-0.0034054156858474016,0.9801980198019802
nAchRs,0.011756557039916515,0.9504950495049505,0.1712084859609604,0.16831683168316833,0.34176310896873474,0.0297029702970297,0.22324420511722565,0.1188118811881188
