networks,Grad3 10% Upper,Grad3 10% Lower
Visual,3.5369347411689205,2.159796661803686
Somatomotor,2.538054967806869,2.078414420270061
Dorsal Attention,2.8822089391863726,1.8837372272987696
Ventral Attention,1.9921068523275345,2.143328594225203
Default,2.561702257691062,2.707653216349007
Frontoparietal,2.2092116697667765,2.0600912101975632
Limbic,2.514596121542406,2.531357691917031
