networks,Grad2 10% Upper,Grad2 10% Lower
Visual,2.9703486590678447,3.332711965590762
Somatomotor,2.626067505814571,2.634092615677979
Dorsal Attention,2.809582085462758,2.7275616820993984
Ventral Attention,2.036021463003587,2.2456289926583834
Default,2.3470545741824522,2.768317523758878
Frontoparietal,2.04723256408692,2.318548675196603
Limbic,2.252266623229622,2.897199011405922
