networks,Grad4 10% Upper,Grad4 10% Lower
Visual,1.9536909107460578,2.318153221926729
Somatomotor,1.9332603761123053,2.176920398499578
Dorsal Attention,1.7115728673304769,2.0443581543927167
Ventral Attention,1.9912272681581227,2.1243602502688024
Default,2.699302628674757,2.4642422715374006
Frontoparietal,2.050012025300419,1.9858796767632485
Limbic,2.4467563981286697,2.514204598063926
