networks,Grad4 25% Upper,Grad4 25% Lower
Visual,2.574510747768416,3.1798821796249372
Somatomotor,2.3235185670344136,2.578009434019568
Dorsal Attention,2.3338715855582084,2.6268114648139593
Ventral Attention,2.051542508885199,2.231194320775867
Default,2.5485716058687387,2.7285332729743033
Frontoparietal,2.0719768491512807,2.3192990788280197
Limbic,2.3785187034082877,2.866474402098382
