networks,Grad4 25% Upper,Grad4 25% Lower
Visual,2.363617194567794,2.6164071411781546
Somatomotor,2.252583805604373,2.3669817082970694
Dorsal Attention,2.0996286107049587,2.283846066291015
Ventral Attention,2.163552014555863,2.201341026429715
Default,2.7943974006500367,2.5775711763770923
Frontoparietal,2.2962843863301297,2.134219650274703
Limbic,2.7456760101241766,2.6207890041756565
