networks,Grad3 10% Upper,Grad3 10% Lower
Visual,2.495013858527174,1.9595911955464935
Somatomotor,2.458389453175405,1.9320351451603281
Dorsal Attention,2.370877299141284,1.6527215424170425
Ventral Attention,2.18511119111309,2.1028700937176867
Default,2.662643470127675,2.861932719886337
Frontoparietal,2.526249323564977,1.9933244100114835
Limbic,2.967270092637597,2.394470757692119
