networks,Grad2 10% Upper,Grad2 10% Lower
Visual,1.1556552234936663,1.0971799183843407
Somatomotor,1.2648742774166049,1.1574101664757397
Dorsal Attention,1.2692567180870582,1.1051562364146101
Ventral Attention,1.4102014673698353,1.1515620868846648
Default,1.0414712144597689,1.1588771932501591
Frontoparietal,1.207790013885162,1.1568924574373516
Limbic,1.1275012075323547,1.1717742497795611
