networks,Grad2 10% Upper,Grad2 10% Lower
Visual,1.1524950020601958,1.112369111762899
Somatomotor,1.2602481989647967,1.1597194061978693
Dorsal Attention,1.2593811901789633,1.1203692834722083
Ventral Attention,1.4043923702061754,1.1734616690339366
Default,1.0581187907230816,1.1716306395723792
Frontoparietal,1.2116738199985633,1.170907690191867
Limbic,1.2154501223766518,1.2802605970736396
