networks,Grad2 25% Upper,Grad2 25% Lower
Visual,1.1085898371417962,1.114615083886213
Somatomotor,1.1892986761545474,1.1647428006256961
Dorsal Attention,1.1029109000832396,1.1147924712317105
Ventral Attention,1.1662586004367146,1.168207678795782
Default,1.1753175168019527,1.1743106198453264
Frontoparietal,1.128761866459896,1.1647327090920157
Limbic,1.2644884479735048,1.2801367228850353
