networks,Grad1 10% Upper,Grad1 10% Lower
Visual,1.1583070390672825,1.0579586612270862
Somatomotor,1.2596517299308523,1.128067326333189
Dorsal Attention,1.2692353684485211,0.9502755612272312
Ventral Attention,1.4036400765871866,0.932785505276021
Default,1.0467975004406562,1.266263115135132
Frontoparietal,1.2110325089372833,1.043777964856188
Limbic,1.1307138863731767,1.1741526061972478
