networks,Grad2 25% Upper,Grad2 25% Lower
Visual,1.1105499584452667,1.1041610051603832
Somatomotor,1.1979167592642406,1.1595963732177599
Dorsal Attention,1.1195838255969262,1.107428911892253
Ventral Attention,1.1861100588563118,1.1539800800020028
Default,1.1463396480026775,1.1598207194857255
Frontoparietal,1.1289621124067608,1.15596275515381
Limbic,1.1491404666106662,1.168208871476812
