networks,Grad1 25% Upper,Grad1 25% Lower
Visual,1.157616151284009,1.0668242066823024
Somatomotor,1.242906952353135,1.1309800528813378
Dorsal Attention,1.245008133839023,0.9759933143269628
Ventral Attention,1.362375705571444,0.9631456832441648
Limbic,1.1393055208820646,1.171086113199342
Frontoparietal,1.2083601126110382,1.0651283974194639
Default,1.070300504166742,1.2487374947510177
