networks,clust1,clust2,clust3
Visual,1.1061947561647116,1.1392585596269718,1.0732576981084732
Somatomotor,1.1572095339130133,1.2161892579741087,1.1350432409909879
Dorsal Attention,1.0910714252845526,1.198548477956237,0.999200387718458
Ventral Attention,1.1167083373547164,1.2953935236935867,0.9973468629643059
Default,1.1949928263623846,1.0912305084947873,1.224749474668129
Frontoparietal,1.1644768512760935,1.181625130844544,1.0721248444811793
Limbic,1.1748711974249746,1.1454257015506697,1.1642582587185428
